<?xml version="1.0" encoding="UTF-8"?>
<metadata xml:lang="en"><Esri><CreaDate>20211207</CreaDate><CreaTime>16112000</CreaTime><ArcGISFormat>1.0</ArcGISFormat><SyncOnce>FALSE</SyncOnce><DataProperties><itemProps><itemName Sync="TRUE">Completed_connected_lines_shapes_continents_Merdith_et_al</itemName><imsContentType Sync="TRUE">002</imsContentType><itemSize Sync="TRUE">0.000</itemSize><itemLocation><linkage Sync="TRUE">file://\\EGLINGTON2\C$\Users\Lavie\Desktop\Research\Winter2022\EarthByte2021\Completed_connected_lines_shapes_continents_Merdith_et_al.shp</linkage><protocol Sync="TRUE">Local Area Network</protocol></itemLocation></itemProps><coordRef><type Sync="TRUE">Geographic</type><geogcsn Sync="TRUE">GCS_WGS_1984</geogcsn><csUnits Sync="TRUE">Angular Unit: Degree (0.017453)</csUnits><peXml Sync="TRUE">&lt;GeographicCoordinateSystem xsi:type='typens:GeographicCoordinateSystem' xmlns:xsi='http://www.w3.org/2001/XMLSchema-instance' xmlns:xs='http://www.w3.org/2001/XMLSchema' xmlns:typens='http://www.esri.com/schemas/ArcGIS/10.7'&gt;&lt;WKT&gt;GEOGCS[&amp;quot;GCS_WGS_1984&amp;quot;,DATUM[&amp;quot;D_WGS_1984&amp;quot;,SPHEROID[&amp;quot;WGS_1984&amp;quot;,6378137.0,298.257223563]],PRIMEM[&amp;quot;Greenwich&amp;quot;,0.0],UNIT[&amp;quot;Degree&amp;quot;,0.0174532925199433],AUTHORITY[&amp;quot;EPSG&amp;quot;,4326]]&lt;/WKT&gt;&lt;XOrigin&gt;-400&lt;/XOrigin&gt;&lt;YOrigin&gt;-400&lt;/YOrigin&gt;&lt;XYScale&gt;11258999068426.238&lt;/XYScale&gt;&lt;ZOrigin&gt;-100000&lt;/ZOrigin&gt;&lt;ZScale&gt;10000&lt;/ZScale&gt;&lt;MOrigin&gt;-100000&lt;/MOrigin&gt;&lt;MScale&gt;10000&lt;/MScale&gt;&lt;XYTolerance&gt;8.983152841195215e-09&lt;/XYTolerance&gt;&lt;ZTolerance&gt;0.001&lt;/ZTolerance&gt;&lt;MTolerance&gt;0.001&lt;/MTolerance&gt;&lt;HighPrecision&gt;true&lt;/HighPrecision&gt;&lt;LeftLongitude&gt;-180&lt;/LeftLongitude&gt;&lt;WKID&gt;4326&lt;/WKID&gt;&lt;LatestWKID&gt;4326&lt;/LatestWKID&gt;&lt;/GeographicCoordinateSystem&gt;</peXml></coordRef><lineage><Process ToolSource="c:\program files (x86)\arcgis\desktop10.7\ArcToolbox\Toolboxes\Data Management Tools.tbx\Merge" Date="20211207" Time="161318">Merge Right_connected_lines_shapes_continents_Merdith_et_al;Left_connected_lines_shapes_continents_Merdith_et_al C:\Users\Lavie\Desktop\Research\Winter2022\EarthByte2021\Completed_connected_lines_shapes_continents_Merdith_et_al.shp "LEFT_FID "LEFT_FID" true true false 10 Long 0 10 ,First,#,Right_connected_lines_shapes_continents_Merdith_et_al,LEFT_FID,-1,-1,Left_connected_lines_shapes_continents_Merdith_et_al,LEFT_FID,-1,-1;RIGHT_FID "RIGHT_FID" true true false 10 Long 0 10 ,First,#,Right_connected_lines_shapes_continents_Merdith_et_al,RIGHT_FID,-1,-1,Left_connected_lines_shapes_continents_Merdith_et_al,RIGHT_FID,-1,-1;FID_1 "FID_1" true true false 9 Long 0 9 ,First,#,Right_connected_lines_shapes_continents_Merdith_et_al,FID_1,-1,-1,Left_connected_lines_shapes_continents_Merdith_et_al,FID_1,-1,-1;NAME "NAME" true true false 80 Text 0 0 ,First,#,Right_connected_lines_shapes_continents_Merdith_et_al,NAME,-1,-1,Left_connected_lines_shapes_continents_Merdith_et_al,NAME,-1,-1;PLATEID1 "PLATEID1" true true false 9 Long 0 9 ,First,#,Right_connected_lines_shapes_continents_Merdith_et_al,PLATEID1,-1,-1,Left_connected_lines_shapes_continents_Merdith_et_al,PLATEID1,-1,-1;FROMAGE "FROMAGE" true true false 19 Double 15 18 ,First,#,Right_connected_lines_shapes_continents_Merdith_et_al,FROMAGE,-1,-1,Left_connected_lines_shapes_continents_Merdith_et_al,FROMAGE,-1,-1;TOAGE "TOAGE" true true false 19 Double 15 18 ,First,#,Right_connected_lines_shapes_continents_Merdith_et_al,TOAGE,-1,-1,Left_connected_lines_shapes_continents_Merdith_et_al,TOAGE,-1,-1;PLATEID2 "PLATEID2" true true false 9 Long 0 9 ,First,#,Right_connected_lines_shapes_continents_Merdith_et_al,PLATEID2,-1,-1,Left_connected_lines_shapes_continents_Merdith_et_al,PLATEID2,-1,-1;GPGIM_TYPE "GPGIM_TYPE" true true false 80 Text 0 0 ,First,#,Right_connected_lines_shapes_continents_Merdith_et_al,GPGIM_TYPE,-1,-1,Left_connected_lines_shapes_continents_Merdith_et_al,GPGIM_TYPE,-1,-1;FEATURE_ID "FEATURE_ID" true true false 80 Text 0 0 ,First,#,Right_connected_lines_shapes_continents_Merdith_et_al,FEATURE_ID,-1,-1,Left_connected_lines_shapes_continents_Merdith_et_al,FEATURE_ID,-1,-1;L_PLATE "L_PLATE" true true false 9 Long 0 9 ,First,#,Right_connected_lines_shapes_continents_Merdith_et_al,L_PLATE,-1,-1,Left_connected_lines_shapes_continents_Merdith_et_al,L_PLATE,-1,-1;R_PLATE "R_PLATE" true true false 9 Long 0 9 ,First,#,Right_connected_lines_shapes_continents_Merdith_et_al,R_PLATE,-1,-1,Left_connected_lines_shapes_continents_Merdith_et_al,R_PLATE,-1,-1;SPREAD_ASY "SPREAD_ASY" true true false 19 Double 15 18 ,First,#,Right_connected_lines_shapes_continents_Merdith_et_al,SPREAD_ASY,-1,-1,Left_connected_lines_shapes_continents_Merdith_et_al,SPREAD_ASY,-1,-1;IMPORT_AGE "IMPORT_AGE" true true false 19 Double 15 18 ,First,#,Right_connected_lines_shapes_continents_Merdith_et_al,IMPORT_AGE,-1,-1,Left_connected_lines_shapes_continents_Merdith_et_al,IMPORT_AGE,-1,-1;TYPE "TYPE" true true false 80 Text 0 0 ,First,#,Right_connected_lines_shapes_continents_Merdith_et_al,TYPE,-1,-1,Left_connected_lines_shapes_continents_Merdith_et_al,TYPE,-1,-1;DESCR "DESCR" true true false 80 Text 0 0 ,First,#,Right_connected_lines_shapes_continents_Merdith_et_al,DESCR,-1,-1,Left_connected_lines_shapes_continents_Merdith_et_al,DESCR,-1,-1;RECON_METH "RECON_METH" true true false 80 Text 0 0 ,First,#,Right_connected_lines_shapes_continents_Merdith_et_al,RECON_METH,-1,-1,Left_connected_lines_shapes_continents_Merdith_et_al,RECON_METH,-1,-1"</Process></lineage></DataProperties><SyncDate>20211207</SyncDate><SyncTime>16113700</SyncTime><ModDate>20211207</ModDate><ModTime>16113700</ModTime></Esri><dataIdInfo><envirDesc Sync="TRUE"> Version 6.2 (Build 9200) ; Esri ArcGIS 10.7.1.11595</envirDesc><dataLang><languageCode value="eng" Sync="TRUE"></languageCode><countryCode value="CAN" Sync="TRUE"></countryCode></dataLang><idCitation><resTitle Sync="TRUE">Completed_connected_lines_shapes_continents_Merdith_et_al</resTitle><presForm><PresFormCd value="005" Sync="TRUE"></PresFormCd></presForm></idCitation><spatRpType><SpatRepTypCd value="001" Sync="TRUE"></SpatRepTypCd></spatRpType></dataIdInfo><mdLang><languageCode value="eng" Sync="TRUE"></languageCode><countryCode value="CAN" Sync="TRUE"></countryCode></mdLang><mdChar><CharSetCd value="004" Sync="TRUE"></CharSetCd></mdChar><distInfo><distFormat><formatName Sync="TRUE">Shapefile</formatName></distFormat><distTranOps><transSize Sync="TRUE">0.000</transSize></distTranOps></distInfo><mdHrLv><ScopeCd value="005" Sync="TRUE"></ScopeCd></mdHrLv><mdHrLvName Sync="TRUE">dataset</mdHrLvName><refSysInfo><RefSystem><refSysID><identCode code="4326" Sync="TRUE"></identCode><idCodeSpace Sync="TRUE">EPSG</idCodeSpace><idVersion Sync="TRUE">6.14(3.0.1)</idVersion></refSysID></RefSystem></refSysInfo><spatRepInfo><VectSpatRep><geometObjs Name="Completed_connected_lines_shapes_continents_Merdith_et_al"><geoObjTyp><GeoObjTypCd value="002" Sync="TRUE"></GeoObjTypCd></geoObjTyp><geoObjCnt Sync="TRUE">0</geoObjCnt></geometObjs><topLvl><TopoLevCd value="001" Sync="TRUE"></TopoLevCd></topLvl></VectSpatRep></spatRepInfo><spdoinfo><ptvctinf><esriterm Name="Completed_connected_lines_shapes_continents_Merdith_et_al"><efeatyp Sync="TRUE">Simple</efeatyp><efeageom code="3" Sync="TRUE"></efeageom><esritopo Sync="TRUE">FALSE</esritopo><efeacnt Sync="TRUE">0</efeacnt><spindex Sync="TRUE">FALSE</spindex><linrefer Sync="TRUE">FALSE</linrefer></esriterm></ptvctinf></spdoinfo><eainfo><detailed Name="Completed_connected_lines_shapes_continents_Merdith_et_al"><enttyp><enttypl Sync="TRUE">Completed_connected_lines_shapes_continents_Merdith_et_al</enttypl><enttypt Sync="TRUE">Feature Class</enttypt><enttypc Sync="TRUE">0</enttypc></enttyp><attr><attrlabl Sync="TRUE">FID</attrlabl><attalias Sync="TRUE">FID</attalias><attrtype Sync="TRUE">OID</attrtype><attwidth Sync="TRUE">4</attwidth><atprecis Sync="TRUE">0</atprecis><attscale Sync="TRUE">0</attscale><attrdef Sync="TRUE">Internal feature number.</attrdef><attrdefs Sync="TRUE">Esri</attrdefs><attrdomv><udom Sync="TRUE">Sequential unique whole numbers that are automatically generated.</udom></attrdomv></attr><attr><attrlabl Sync="TRUE">Shape</attrlabl><attalias Sync="TRUE">Shape</attalias><attrtype Sync="TRUE">Geometry</attrtype><attwidth Sync="TRUE">0</attwidth><atprecis Sync="TRUE">0</atprecis><attscale Sync="TRUE">0</attscale><attrdef Sync="TRUE">Feature geometry.</attrdef><attrdefs Sync="TRUE">Esri</attrdefs><attrdomv><udom Sync="TRUE">Coordinates defining the features.</udom></attrdomv></attr><attr><attrlabl Sync="TRUE">LEFT_FID</attrlabl><attalias Sync="TRUE">LEFT_FID</attalias><attrtype Sync="TRUE">Integer</attrtype><attwidth Sync="TRUE">10</attwidth><atprecis Sync="TRUE">10</atprecis><attscale Sync="TRUE">0</attscale></attr><attr><attrlabl Sync="TRUE">RIGHT_FID</attrlabl><attalias Sync="TRUE">RIGHT_FID</attalias><attrtype Sync="TRUE">Integer</attrtype><attwidth Sync="TRUE">10</attwidth><atprecis Sync="TRUE">10</atprecis><attscale Sync="TRUE">0</attscale></attr><attr><attrlabl Sync="TRUE">FID_1</attrlabl><attalias Sync="TRUE">FID_1</attalias><attrtype Sync="TRUE">Integer</attrtype><attwidth Sync="TRUE">9</attwidth><atprecis Sync="TRUE">9</atprecis><attscale Sync="TRUE">0</attscale></attr><attr><attrlabl Sync="TRUE">NAME</attrlabl><attalias Sync="TRUE">NAME</attalias><attrtype Sync="TRUE">String</attrtype><attwidth Sync="TRUE">80</attwidth><atprecis Sync="TRUE">0</atprecis><attscale Sync="TRUE">0</attscale></attr><attr><attrlabl Sync="TRUE">PLATEID1</attrlabl><attalias Sync="TRUE">PLATEID1</attalias><attrtype Sync="TRUE">Integer</attrtype><attwidth Sync="TRUE">9</attwidth><atprecis Sync="TRUE">9</atprecis><attscale Sync="TRUE">0</attscale></attr><attr><attrlabl Sync="TRUE">FROMAGE</attrlabl><attalias Sync="TRUE">FROMAGE</attalias><attrtype Sync="TRUE">Double</attrtype><attwidth Sync="TRUE">19</attwidth><atprecis Sync="TRUE">18</atprecis><attscale Sync="TRUE">15</attscale></attr><attr><attrlabl Sync="TRUE">TOAGE</attrlabl><attalias Sync="TRUE">TOAGE</attalias><attrtype Sync="TRUE">Double</attrtype><attwidth Sync="TRUE">19</attwidth><atprecis Sync="TRUE">18</atprecis><attscale Sync="TRUE">15</attscale></attr><attr><attrlabl Sync="TRUE">PLATEID2</attrlabl><attalias Sync="TRUE">PLATEID2</attalias><attrtype Sync="TRUE">Integer</attrtype><attwidth Sync="TRUE">9</attwidth><atprecis Sync="TRUE">9</atprecis><attscale Sync="TRUE">0</attscale></attr><attr><attrlabl Sync="TRUE">GPGIM_TYPE</attrlabl><attalias Sync="TRUE">GPGIM_TYPE</attalias><attrtype Sync="TRUE">String</attrtype><attwidth Sync="TRUE">80</attwidth><atprecis Sync="TRUE">0</atprecis><attscale Sync="TRUE">0</attscale></attr><attr><attrlabl Sync="TRUE">FEATURE_ID</attrlabl><attalias Sync="TRUE">FEATURE_ID</attalias><attrtype Sync="TRUE">String</attrtype><attwidth Sync="TRUE">80</attwidth><atprecis Sync="TRUE">0</atprecis><attscale Sync="TRUE">0</attscale></attr><attr><attrlabl Sync="TRUE">L_PLATE</attrlabl><attalias Sync="TRUE">L_PLATE</attalias><attrtype Sync="TRUE">Integer</attrtype><attwidth Sync="TRUE">9</attwidth><atprecis Sync="TRUE">9</atprecis><attscale Sync="TRUE">0</attscale></attr><attr><attrlabl Sync="TRUE">R_PLATE</attrlabl><attalias Sync="TRUE">R_PLATE</attalias><attrtype Sync="TRUE">Integer</attrtype><attwidth Sync="TRUE">9</attwidth><atprecis Sync="TRUE">9</atprecis><attscale Sync="TRUE">0</attscale></attr><attr><attrlabl Sync="TRUE">SPREAD_ASY</attrlabl><attalias Sync="TRUE">SPREAD_ASY</attalias><attrtype Sync="TRUE">Double</attrtype><attwidth Sync="TRUE">19</attwidth><atprecis Sync="TRUE">18</atprecis><attscale Sync="TRUE">15</attscale></attr><attr><attrlabl Sync="TRUE">IMPORT_AGE</attrlabl><attalias Sync="TRUE">IMPORT_AGE</attalias><attrtype Sync="TRUE">Double</attrtype><attwidth Sync="TRUE">19</attwidth><atprecis Sync="TRUE">18</atprecis><attscale Sync="TRUE">15</attscale></attr><attr><attrlabl Sync="TRUE">TYPE</attrlabl><attalias Sync="TRUE">TYPE</attalias><attrtype Sync="TRUE">String</attrtype><attwidth Sync="TRUE">80</attwidth><atprecis Sync="TRUE">0</atprecis><attscale Sync="TRUE">0</attscale></attr><attr><attrlabl Sync="TRUE">DESCR</attrlabl><attalias Sync="TRUE">DESCR</attalias><attrtype Sync="TRUE">String</attrtype><attwidth Sync="TRUE">80</attwidth><atprecis Sync="TRUE">0</atprecis><attscale Sync="TRUE">0</attscale></attr><attr><attrlabl Sync="TRUE">RECON_METH</attrlabl><attalias Sync="TRUE">RECON_METH</attalias><attrtype Sync="TRUE">String</attrtype><attwidth Sync="TRUE">80</attwidth><atprecis Sync="TRUE">0</atprecis><attscale Sync="TRUE">0</attscale></attr></detailed></eainfo><mdDateSt Sync="TRUE">20211207</mdDateSt></metadata>
